id,block_type,category,template,concept_style
"1","Introduction","생활용품","<div style='background-color: #f8f8f8; padding: 50px 0; font-family: 'Noto Sans KR', sans-serif;'><div style='display: flex; justify-content: center; align-items: center; max-width: 1000px; margin: auto;'><div style='flex: 1; padding-right: 40px;'><span style='display: inline-block; background-color: #4B2E6E; color: white; padding: 5px 15px; font-weight: bold; font-size: 16px;'>NOTICE</span><h2 style='font-size: 36px; font-weight: bold; color: #333; line-height: 1.4; margin-top: 15px;'>쿤달 딥 클린 항균 칫솔<br>부드러운모<br>혼재출고 안내</h2><p style='font-size: 14px; color: #666; margin-top: 20px;'>쿤달 딥 클린 항균 칫솔 부드러운모는 제조사 표기가 상이한<br>두 제품이 혼재되어 출고될 수 있음을 알려드립니다.<br>기존 제품과 효과 및 품질은 동일하니 구매에 참고 부탁드립니다.</p></div><div style='flex: 1;'><img src='[컬러풀한 칫솔들이 투명한 원통형 용기에 담겨있는 제품 사진]' alt='쿤달 딥 클린 항균 칫솔 제품' style='width: 100%; max-width: 350px;'/></div></div></div>","깔끔한 흰색 배경에 보라색 포인트 컬러를 사용하여 공지사항임을 명확히 전달하는 스타일입니다. 제품 사진을 오른쪽에 배치하여 어떤 제품에 대한 공지인지 쉽게 알 수 있도록 구성했습니다."
"2","Introduction","생활용품","<div style='text-align: center; padding: 60px 20px; background-color: #ffffff;'><h2 style='font-family: 'Helvetica', sans-serif; font-weight: 300; font-size: 30px; color: #000; letter-spacing: 2px;'>KUNDAL</h2><h1 style='font-family: 'Times New Roman', serif; font-weight: bold; font-size: 48px; color: #000; margin-top: 5px;'>DEEP CLEAN TOOTHBRUSH</h1><hr style='width: 50px; border: 1px solid #000; margin: 30px auto;'/><p style='font-family: 'Noto Sans KR', sans-serif; font-size: 18px; color: #333;'>부드러운 초극세모로 잇몸까지 깨끗하게</p><img src='[알록달록한 6가지 색상의 쿤달 칫솔이 투명한 원통형 케이스에 담겨있는 누끼 이미지]' alt='쿤달 딥 클린 칫솔' style='width: 100%; max-width: 500px; margin-top: 40px;'/></div>","세리프와 산세리프 폰트를 조화롭게 사용하여 고급스럽고 클래식한 분위기를 연출하는 인트로 스타일입니다. 중앙 정렬과 여백을 활용하여 시선을 집중시키고 제품의 핵심 가치를 전달합니다."
"3","KeyFeatures","생활용품","<div style='text-align: center; padding: 60px 20px; background-color: #f7f3f0;'><h2 style='font-family: 'Helvetica', sans-serif; font-weight: bold; font-size: 32px; color: #000; margin-bottom: 40px;'>6-COLOR SET</h2><div style='display: flex; justify-content: center; gap: 20px; margin-bottom: 40px;'><div style='text-align: center;'><div style='width: 50px; height: 50px; background-color: #6a4c93; border-radius: 50%;'></div><p style='margin-top: 10px; font-size: 14px;'>Purple</p></div><div style='text-align: center;'><div style='width: 50px; height: 50px; background-color: #1982c4; border-radius: 50%;'></div><p style='margin-top: 10px; font-size: 14px;'>Blue</p></div><div style='text-align: center;'><div style='width: 50px; height: 50px; background-color: #ffca3a; border-radius: 50%;'></div><p style='margin-top: 10px; font-size: 14px;'>Yellow</p></div><div style='text-align: center;'><div style='width: 50px; height: 50px; background-color: #ff595e; border-radius: 50%;'></div><p style='margin-top: 10px; font-size: 14px;'>Red</p></div><div style='text-align: center;'><div style='width: 50px; height: 50px; background-color: #8ac926; border-radius: 50%;'></div><p style='margin-top: 10px; font-size: 14px;'>Green</p></div><div style='text-align: center;'><div style='width: 50px; height: 50px; background-color: #2ec4b6; border-radius: 50%;'></div><p style='margin-top: 10px; font-size: 14px;'>Turquoise</p></div></div><img src='[6가지 색상의 쿤달 칫솔 핸들이 다채롭게 펼쳐져 있는 이미지]' alt='칫솔 색상' style='width: 100%; max-width: 800px;'/></div>","제품의 다양한 색상 옵션을 원형 컬러칩과 실제 제품 이미지로 생동감있게 보여주는 스타일입니다. 부드러운 배경색 위에 다채로운 색상을 강조하여 시각적 즐거움을 줍니다."
"4","KeyFeatures","생활용품","<div style='text-align: center; padding: 60px 20px; background-color: #f7f3f0;'><p style='font-family: 'Helvetica', sans-serif; font-size: 18px; color: #888;'>POINT 1</p><h3 style='font-family: 'Noto Sans KR', sans-serif; font-weight: bold; font-size: 36px; color: #333; margin-top: 10px;'>부드럽고 슬림한 이중 미세모</h3><p style='font-family: 'Noto Sans KR', sans-serif; font-size: 16px; color: #555; margin-top: 20px; line-height: 1.6;'>일반모와 미세모가 합쳐진 이중 미세모가<br>치아 표면과 틈새까지 부드럽고 깨끗하게 케어합니다.</p><img src='[칫솔모를 클로즈업하여 이중 미세모의 섬세함을 보여주는 이미지]' alt='이중 미세모 클로즈업' style='width: 100%; max-width: 600px; margin-top: 40px;'/></div>","제품의 핵심 특징을 'POINT'로 넘버링하여 순차적으로 설명하는 스타일입니다. 특징을 설명하는 클로즈업 이미지를 크게 사용하여 소비자의 이해를 돕고 신뢰감을 줍니다."
"5","KeyFeatures","생활용품","<div style='text-align: center; padding: 60px 20px; background-color: #ffffff;'><p style='font-family: 'Helvetica', sans-serif; font-size: 18px; color: #888;'>POINT 2</p><h3 style='font-family: 'Noto Sans KR', sans-serif; font-weight: bold; font-size: 36px; color: #333; margin-top: 10px;'>99.9% 항균모</h3><p style='font-family: 'Noto Sans KR', sans-serif; font-size: 16px; color: #555; margin-top: 20px; line-height: 1.6;'>세균 번식을 억제하는 항균모를 사용하여<br>매일 사용하는 칫솔을 위생적으로 관리할 수 있습니다.</p><img src='[99.9% 항균력을 인증하는 시험성적서 그래픽 이미지]' alt='항균력 시험성적서' style='width: 100%; max-width: 500px; margin-top: 40px;'/></div>","과학적인 근거와 데이터를 제시하여 제품의 기능적 장점을 강조하는 스타일입니다. 인증서나 시험 결과 이미지를 활용하여 제품의 신뢰도를 높이는 데 중점을 둡니다."
"6","KeyFeatures","생활용품","<div style='text-align: center; padding: 60px 20px; background-color: #f7f3f0;'><p style='font-family: 'Helvetica', sans-serif; font-size: 18px; color: #888;'>POINT 3</p><h3 style='font-family: 'Noto Sans KR', sans-serif; font-weight: bold; font-size: 36px; color: #333; margin-top: 10px;'>컴팩트한 헤드 사이즈</h3><p style='font-family: 'Noto Sans KR', sans-serif; font-size: 16px; color: #555; margin-top: 20px; line-height: 1.6;'>작은 헤드가 구석구석 닿지 않는 곳까지<br>꼼꼼한 양치를 도와줍니다.</p><img src='[칫솔 헤드 옆에 자를 두어 컴팩트한 사이즈를 시각적으로 보여주는 이미지]' alt='칫솔 헤드 사이즈' style='width: 100%; max-width: 600px; margin-top: 40px;'/></div>","도식화된 이미지와 수치를 통해 제품의 규격적 특징을 명확하게 전달하는 스타일입니다. 사용자가 얻을 수 있는 실질적인 이점(꼼꼼한 양치)과 연결하여 설명합니다."
"7","KeyFeatures","생활용품","<div style='text-align: center; padding: 60px 20px; background-color: #ffffff;'><p style='font-family: 'Helvetica', sans-serif; font-size: 18px; color: #888;'>POINT 4</p><h3 style='font-family: 'Noto Sans KR', sans-serif; font-weight: bold; font-size: 36px; color: #333; margin-top: 10px;'>편안한 그립감의 핸들</h3><p style='font-family: 'Noto Sans KR', sans-serif; font-size: 16px; color: #555; margin-top: 20px; line-height: 1.6;'>손에 잡기 편안한 유선형 디자인으로<br>안정적인 양치가 가능합니다.</p><img src='[칫솔 핸들의 유선형 디자인과 그립감을 강조하는 이미지]' alt='편안한 그립감' style='width: 100%; max-width: 600px; margin-top: 40px;'/></div>","제품의 인체공학적 디자인을 강조하여 사용 편의성을 어필하는 스타일입니다. 제품의 형태적 특징을 보여주는 이미지를 통해 편안한 사용 경험을 시각적으로 전달합니다."
"8","KeyFeatures","생활용품","<div style='text-align: center; padding: 60px 20px; background-color: #f7f3f0;'><p style='font-family: 'Helvetica', sans-serif; font-size: 18px; color: #888;'>POINT 5</p><h3 style='font-family: 'Noto Sans KR', sans-serif; font-weight: bold; font-size: 36px; color: #333; margin-top: 10px;'>위생적인 개별 칫솔캡</h3><p style='font-family: 'Noto Sans KR', sans-serif; font-size: 16px; color: #555; margin-top: 20px; line-height: 1.6;'>개별 칫솔캡이 포함되어 있어<br>보관과 휴대가 위생적이고 간편합니다.</p><img src='[개별 칫솔캡이 씌워진 칫솔들을 보여주어 위생적인 보관을 강조하는 이미지]' alt='개별 칫솔캡' style='width: 100%; max-width: 600px; margin-top: 40px;'/></div>","제품의 구성품(칫솔캡)을 통해 얻을 수 있는 위생 및 휴대성의 이점을 강조하는 스타일입니다. 깔끔한 연출 이미지를 사용하여 청결한 느낌을 시각적으로 전달합니다."
"9","KeyFeatures","생활용품","<div style='text-align: center; padding: 60px 20px; background-color: #ffffff;'><p style='font-family: 'Helvetica', sans-serif; font-size: 18px; color: #888;'>POINT 6</p><h3 style='font-family: 'Noto Sans KR', sans-serif; font-weight: bold; font-size: 36px; color: #333; margin-top: 10px;'>안심하고 사용하는 칫솔</h3><p style='font-family: 'Noto Sans KR', sans-serif; font-size: 16px; color: #555; margin-top: 20px; line-height: 1.6;'>BPA, 6대 중금속 등 유해물질 불검출 테스트를 완료했습니다.</p><img src='[BPA 불검출 및 6대 중금속 불검출을 나타내는 안전 인증 마크 그래픽]' alt='안전 인증 마크' style='width: 100%; max-width: 400px; margin-top: 40px;'/></div>","안전 인증 마크와 테스트 결과를 아이콘 형태로 시각화하여 제품의 안전성을 강조하는 스타일입니다. 소비자가 안심하고 사용할 수 있도록 신뢰감을 주는 정보를 명확하게 제시합니다."
"10","KeyFeatures","생활용품","<div style='text-align: center; padding: 60px 20px; background-color: #f7f3f0;'><h2 style='font-family: 'Helvetica', sans-serif; font-weight: bold; font-size: 32px; color: #000; margin-bottom: 40px;'>CHECK POINT</h2><img src='[쿤달 칫솔 6개입 세트 패키지 이미지]' alt='쿤달 칫솔 패키지' style='width: 100%; max-width: 500px; margin-bottom: 30px;'/><div style='display: inline-block; text-align: left; border-top: 2px solid #333; border-bottom: 2px solid #333; padding: 20px 0;'><p style='font-size: 16px; margin: 10px 0;'>✓ 부드럽고 슬림한 이중 미세모</p><p style='font-size: 16px; margin: 10px 0;'>✓ 99.9% 항균모로 위생적인 관리</p><p style='font-size: 16px; margin: 10px 0;'>✓ 컴팩트 헤드로 구석까지 꼼꼼하게</p><p style='font-size: 16px; margin: 10px 0;'>✓ 편안한 그립감의 핸들</p></div></div>","제품의 핵심 특장점들을 체크리스트 형식으로 요약하여 다시 한번 각인시키는 스타일입니다. 패키지 이미지와 함께 제시하여 소비자가 구매 시 기억해야 할 포인트를 명확하게 정리해줍니다."
"11","Specifications","생활용품","<div style='text-align: center; padding: 60px 20px; background-color: #ffffff;'><h2 style='font-family: 'Helvetica', sans-serif; font-weight: bold; font-size: 32px; color: #000; margin-bottom: 40px;'>SIZE</h2><img src='[칫솔의 전체 길이, 헤드 길이, 폭 등 상세 사이즈를 표시한 다이어그램 이미지]' alt='칫솔 상세 사이즈' style='width: 100%; max-width: 700px;'/></div>","제품의 상세 사이즈를 다이어그램과 숫자로 정확하게 표시하는 정보 전달 중심의 스타일입니다. 군더더기 없는 디자인으로 필요한 정보만을 명확하게 제공하여 구매 결정을 돕습니다."
"12","UsageGuide","생활용품","<div style='padding: 60px 20px; background-color: #f7f3f0; max-width: 800px; margin: auto;'><h3 style='font-family: 'Helvetica', sans-serif; font-weight: bold; font-size: 24px; color: #333;'>HOW TO USE</h3><p style='font-family: 'Noto Sans KR', sans-serif; font-size: 16px; color: #555; margin-top: 15px;'>칫솔에 적당량의 치약을 묻혀 칫솔질을 합니다.</p><hr style='border: 1px solid #ddd; margin: 40px 0;'/><h3 style='font-family: 'Helvetica', sans-serif; font-weight: bold; font-size: 24px; color: #333;'>사용시 주의사항</h3><ul style='font-family: 'Noto Sans KR', sans-serif; font-size: 14px; color: #555; margin-top: 15px; padding-left: 20px; text-align: left;'><li style='margin-bottom: 10px;'>용도 이외에는 사용하지 마십시오.</li><li style='margin-bottom: 10px;'>잇몸이 상하지 않도록 과도한 힘을 주어 닦지 마십시오.</li><li style='margin-bottom: 10px;'>사용 후에는 흐르는 물에 깨끗이 씻어 건조한 곳에 보관하십시오.</li><li style='margin-bottom: 10px;'>뜨거운 물에 삶거나 소독하지 마십시오. 변형의 원인이 될 수 있습니다.</li></ul></div>","텍스트를 중심으로 사용 방법과 주의사항을 명확하게 구분하여 전달하는 정보 제공 스타일입니다. 깔끔한 레이아웃과 리스트를 활용하여 가독성을 높였습니다."
"13","Specifications","생활용품","<div style='padding: 60px 20px; background-color: #ffffff; max-width: 800px; margin: auto;'><h3 style='font-family: 'Helvetica', sans-serif; font-weight: bold; font-size: 24px; color: #333; border-bottom: 2px solid #333; padding-bottom: 10px;'>상품 정보 고시</h3><table style='width: 100%; border-collapse: collapse; margin-top: 20px; font-size: 14px;'><tr style='border-bottom: 1px solid #eee;'><td style='padding: 15px; background-color: #f9f9f9; font-weight: bold; width: 30%;'>제품명</td><td style='padding: 15px;'>쿤달 딥 클린 항균 칫솔</td></tr><tr style='border-bottom: 1px solid #eee;'><td style='padding: 15px; background-color: #f9f9f9; font-weight: bold;'>수량</td><td style='padding: 15px;'>6개입</td></tr><tr style='border-bottom: 1px solid #eee;'><td style='padding: 15px; background-color: #f9f9f9; font-weight: bold;'>재질</td><td style='padding: 15px;'>칫솔대: PP, 칫솔모: PBT</td></tr><tr style='border-bottom: 1px solid #eee;'><td style='padding: 15px; background-color: #f9f9f9; font-weight: bold;'>제조국</td><td style='padding: 15px;'>대한민국</td></tr><tr style='border-bottom: 1px solid #eee;'><td style='padding: 15px; background-color: #f9f9f9; font-weight: bold;'>제조판매업자</td><td style='padding: 15px;'>(주)더스킨팩토리</td></tr></table></div>","상품 필수 정보를 표(table) 형식으로 일목요연하게 정리한 스타일입니다. 배경색을 이용하여 항목과 내용을 구분함으로써 가독성을 높이고, 규정에 따른 정보를 정확하게 전달합니다."
"14","BrandStory","생활용품","<div style='padding: 80px 20px; background-color: #f7f3f0; text-align: center;'><h2 style='font-family: 'Helvetica', sans-serif; font-weight: bold; font-size: 36px; color: #333; letter-spacing: 2px;'>KUNDAL BRAND STORY</h2><hr style='width: 50px; border: 1px solid #333; margin: 30px auto;'/><p style='font-family: 'Noto Sans KR', sans-serif; font-size: 16px; color: #555; line-height: 1.8;'>쿤달은 자연의 순수함과 풍요로움을 담아<br>일상에 특별한 가치를 더하는 것을 목표로 합니다.<br>엄격한 기준으로 선별한 성분과 전문 조향사의 기술로<br>최고의 제품을 만들기 위해 노력합니다.</p><img src='[자연 속에서 영감을 받는 듯한 감성적인 브랜드 스토리 이미지]' alt='쿤달 브랜드 스토리' style='width: 100%; max-width: 800px; margin-top: 40px;'/></div>","감성적이고 서술적인 브랜드 스토리텔링 스타일입니다. 차분한 배경색과 세련된 타이포그래피, 감성적인 이미지를 사용하여 브랜드의 철학과 비전을 이야기 형식으로 전달하며 소비자에게 깊은 인상을 남깁니다."
"15","BrandStory","생활용품","<div style='background: #0d1223; text-align: center; padding: 80px 20px;'><h2 style='font-family: 'Helvetica', sans-serif; font-weight: bold; font-size: 36px; color: #fff; letter-spacing: 2px;'>KUNDAL BRAND AWARD</h2><img src='[금색의 2021 대한민국 퍼스트브랜드 대상 수상 엠블럼]' alt='퍼스트브랜드 대상 2021' style='width: 100%; max-width: 180px; margin-top: 30px;'/><p style='color: white; font-size: 18px; margin-top: 15px;'>2년 연속 대상 수상</p><div style='display: flex; justify-content: center; align-items: center; gap: 20px; margin-top: 30px;'><img src='[TB로고]' alt='TB 로고' style='height: 40px;'/><img src='[금색 왕관 어워드 로고]' alt='어워드 로고 2' style='height: 50px;'/><img src='[Hi Seoul 어워드 로고]' alt='하이서울 어워드' style='height: 50px;'/><img src='[소비자 대상 어워드 로고]' alt='어워드 로고 4' style='height: 50px;'/><img src='[2017년 어워드 로고]' alt='어워드 로고 5' style='height: 50px;'/></div></div>","고급스럽고 신뢰감을 주는 어워드 수상내역 강조 스타일입니다. 어두운 네이비 컬러 배경에 골드 컬러의 엠블럼과 로고를 사용하여 프리미엄 브랜드 이미지를 구축하고, 다수의 수상 경력을 나열하여 전문성을 어필합니다."
"16","BrandStory","생활용품","<div style='position: relative; padding: 80px 20px; text-align: center;'><div style='position: absolute; top: 0; left: 0; right: 0; bottom: 0; background: url('[싱그러운 녹색 나뭇잎 배경 이미지]') no-repeat center center; background-size: cover; z-index: -1;'></div><div style='background-color: rgba(255, 255, 255, 0.85); padding: 40px; max-width: 600px; margin: auto;'><p style='color: #6e8c03; font-weight: bold;'>KUNDAL MAKES WORTH</p><h3 style='font-size: 28px; font-weight: bold; margin-top: 10px;'>쿤달은 가치를 만듭니다</h3><p style='margin-top: 15px; color: #555; line-height: 1.6;'>쿤달은 일상의 일상 속 모든 순간을 향기롭게,<br/>본질적인 아름다움을 이끄는 본연의 아름다움을 추구합니다.</p><div style='display: flex; justify-content: space-around; flex-wrap: wrap; margin-top: 30px; gap: 20px;'><div style='text-align: center;'><div style='width: 80px; height: 80px; border: 1px solid #ccc; border-radius: 50%; display: flex; align-items: center; justify-content: center;'><img src='[새싹을 든 손 아이콘]' style='width: 40px;'/></div><p style='margin-top: 10px; font-size: 14px;'>엄선한<br/>유해성분</p></div><div style='text-align: center;'><div style='width: 80px; height: 80px; border: 1px solid #ccc; border-radius: 50%; display: flex; align-items: center; justify-content: center;'><img src='[플라스크 아이콘]' style='width: 40px;'/></div><p style='margin-top: 10px; font-size: 14px;'>풍부한<br/>자연유래 레시피</p></div><div style='text-align: center;'><div style='width: 80px; height: 80px; border: 1px solid #ccc; border-radius: 50%; display: flex; align-items: center; justify-content: center;'><img src='[현미경 아이콘]' style='width: 40px;'/></div><p style='margin-top: 10px; font-size: 14px;'>더 좋은 품질을 위한<br/>끊임없는 연구</p></div><div style='text-align: center;'><div style='width: 80px; height: 80px; border: 1px solid #ccc; border-radius: 50%; display: flex; align-items: center; justify-content: center;'><img src='[꽃 아이콘]' style='width: 40px;'/></div><p style='margin-top: 10px; font-size: 14px;'>쿤달 시그니처<br/>프리미엄 향기</p></div><div style='text-align: center;'><div style='width: 80px; height: 80px; border: 1px solid #ccc; border-radius: 50%; display: flex; align-items: center; justify-content: center;'><img src='[가격표 아이콘]' style='width: 40px;'/></div><p style='margin-top: 10px; font-size: 14px;'>합리적인 가격</p></div></div><p style='margin-top: 40px; color: #555; line-height: 1.6; font-size: 14px;'>쿤달은 불필요한 공정과 포장재는 과감히 생략하고,<br/>더 좋은 성분을 담기 위해 끊임없이 고민합니다.</p></div></div>","자연 친화적이고 신뢰감을 주는 브랜드 철학 소개 스타일입니다. 녹색 나뭇잎을 배경으로 사용하여 자연주의 컨셉을 강조하고, 라인 아이콘과 간결한 텍스트로 브랜드의 핵심 가치를 체계적으로 전달합니다. 반투명한 흰색 박스는 가독성을 높여줍니다."
"17","Comparison","생활용품","<div style='text-align:center; padding:20px; background-color:#fff;'><h1 style='font-size:24px; font-weight:bold; color:#000; margin-bottom:10px;'>리뉴얼 안내</h1><p style='font-size:14px; color:#333; margin-bottom:30px;'>리뉴얼 진행중인 상품으로 상품 본품 디자인 및 라벨 내 힙유 관련 내용 및 전성분이 상이한 동일 제품을 수령하실 수 있습니다.</p><div style='display:flex; justify-content:center; gap:10px;'><div style='width:48%;'><div style='background-color:#808080; color:#fff; padding:10px; font-weight:bold;'>리뉴얼 전</div><div style='border:1px solid #ccc; padding:10px;'><img src='[구형 도브 바디워시 제품 전면 및 후면 라벨 이미지]' style='width:100%;'></div></div><div style='width:48%;'><div style='background-color:#808080; color:#fff; padding:10px; font-weight:bold;'>리뉴얼 후</div><div style='border:1px solid #ccc; padding:10px;'><img src='[신형 도브 바디워시 제품 전면 및 후면 라벨 이미지]' style='width:100%;'></div></div></div></div>","제품 리뉴얼 정보를 명확하게 전달하기 위한 안내 스타일입니다. 회색 헤더를 사용하여 '이전'과 '이후'를 구분하고, 제품 라벨 이미지를 나란히 배치하여 시각적인 비교를 용이하게 합니다. 전체적으로 정보 전달에 초점을 맞춘 깔끔하고 기능적인 디자인입니다."
"18","Introduction","생활용품","<div style='background:url([흐릿한 흰색과 베이지색 배경]) no-repeat center center; background-size:cover; text-align:center; padding:50px 20px;'><h2 style='font-size:22px; color:#005494; font-weight:bold;'>어떤 걸 써야 할지 고민된다면?</h2><p style='font-size:16px; color:#333; margin-top:10px;'>내 피부 타입에 맞춰 골라보세요.</p><img src='[반원 형태로 배치된 5개의 도브 바디워시 제품 이미지]' style='margin-top:20px; width:80%;'><h3 style='font-size:20px; color:#000; font-weight:bold; margin-top:30px;'>7일간의 경험으로<br>#촉촉 피부 자신감!</h3><p style='font-size:14px; color:#555; margin-top:10px;'>7일 후, 93%가 경험한<br>촉촉하고 부드러워진 피부</p></div>","부드럽고 깨끗한 느낌을 주는 소개 스타일입니다. 파스텔 톤의 흐릿한 배경 위에 제품 라인업을 부드러운 곡선으로 배치하여 시선을 집중시킵니다. 파란색을 포인트 컬러로 사용하여 브랜드의 신뢰감과 청량감을 전달합니다."
"19","KeyFeatures","생활용품","<div style='background-color:#fff; padding:50px 20px; text-align:center;'><h3 style='font-size:20px; color:#005494; font-weight:bold;'>KEY INGREDIENT</h3><div style='margin-top:30px;'><h4 style='font-size:18px; color:#000;'>더 깊이 채워주는 10겹 보습</h4><p style='font-size:14px; color:#555; margin-top:5px;'>10겹의 각질층까지 깊은 보습감을 전달</p></div><div style='margin-top:30px;'><h4 style='font-size:18px; color:#000;'>프리바이오틱스</h4><p style='font-size:14px; color:#555; margin-top:5px;'>피부 마이크로바이옴 밸런스를 건강하게</p></div></div>","제품의 핵심 성분을 간결하게 설명하는 정보 중심 스타일입니다. 아이콘이나 그래픽 없이 텍스트만으로 구성하여 가독성을 높였습니다. 굵은 제목과 파란색 포인트 컬러를 사용하여 중요한 정보를 강조하며, 충분한 여백을 두어 깔끔한 인상을 줍니다."
"20","KeyFeatures","생활용품","<div style='background:url([흰색과 연한 회색의 부드러운 그라데이션 배경]) no-repeat center center; background-size:cover; padding:50px 20px; display:flex; align-items:center; justify-content:center;'><img src='[도브 뷰티너리싱 바디워시 제품 단독 이미지]' style='width:35%;'><div style='text-align:left; padding-left:20px;'><h2 style='font-size:22px; font-weight:bold; color:#000;'>촉촉함의 차이가<br>눈으로 보이고, 피부로 느껴져요.</h2><p style='font-size:16px; color:#555; margin-top:15px;'>프리바이오틱스가 함유된 바디워시로<br>오래도록 촉촉하게 건강한 피부관리</p></div></div>","제품의 핵심 가치를 감성적으로 전달하는 스타일입니다. 큰 제품 이미지와 간결한 카피를 조합하여 주목도를 높입니다. 부드러운 그라데이션 배경을 사용하여 고급스럽고 편안한 느낌을 강조합니다."
"21","KeyFeatures","생활용품","<div style='background-color:#fff; padding:40px 20px; text-align:center;'><h3 style='font-size:20px; color:#005494; font-weight:bold;'>FEEL THE DIFFERENCE</h3><div style='display:flex; justify-content:space-around; align-items:center; margin-top:30px; border-top:1px solid #eee; border-bottom:1px solid #eee; padding:20px 0;'><div style='width:45%;'><img src='[물방울 모양 아이콘]' style='width:50px;'><h4 style='font-size:16px; color:#000; margin-top:10px;'>놀라운 수분력</h4><p style='font-size:14px; color:#555; margin-top:5px;'>피부 속까지 촉촉하게</p></div><div style='width:1px; height:80px; background-color:#ccc;'></div><div style='width:45%;'><img src='[깃털 모양 아이콘]' style='width:50px;'><h4 style='font-size:16px; color:#000; margin-top:10px;'>부드러운 피부결</h4><p style='font-size:14px; color:#555; margin-top:5px;'>매끄럽고 부드럽게</p></div></div></div>","제품 사용 후의 효과를 두 가지 핵심 포인트로 나누어 시각적으로 비교하는 스타일입니다. 아이콘과 짧은 텍스트를 활용하여 정보를 쉽게 인지할 수 있도록 하고, 중앙의 분리선으로 각 특징을 명확히 구분합니다."
"22","UsageGuide","생활용품","<div style='background:url([연한 파스텔톤의 물결무늬 배경]) no-repeat center center; background-size:cover; padding:50px 20px; text-align:center;'><h3 style='font-size:20px; color:#005494; font-weight:bold;'>SKIN TYPE</h3><p style='font-size:14px; color:#555; margin-top:5px;'>내 피부 고민에 맞춰 선택하세요</p><div style='margin-top:30px;'><h4 style='font-size:16px; color:#000; font-weight:bold;'>건성 피부를 위한 추천</h4><img src='[도브 뷰티너리싱 및 시어버터 제품 이미지]' style='width:60%; margin-top:10px;'></div><div style='margin-top:30px;'><h4 style='font-size:16px; color:#000; font-weight:bold;'>중건성 피부를 위한 추천</h4><img src='[도브 센서티브 및 릴랙싱 제품 이미지]' style='width:60%; margin-top:10px;'></div><div style='margin-top:30px;'><h4 style='font-size:16px; color:#000; font-weight:bold;'>지성 피부를 위한 추천</h4><img src='[도브 리프레싱 제품 이미지]' style='width:30%; margin-top:10px;'></div></div>","피부 타입별로 적합한 제품을 추천하는 가이드 스타일입니다. 각 피부 타입 제목 아래에 관련 제품 이미지를 배치하여 사용자가 쉽게 자신에게 맞는 제품을 찾을 수 있도록 돕습니다. 부드러운 배경 패턴으로 편안한 느낌을 줍니다."
"23","KeyFeatures","생활용품","<div style='background-color:#fff; padding:50px 20px;'><h3 style='font-size:20px; color:#005494; font-weight:bold; text-align:center;'>FRAGRANCE</h3><div style='display:flex; align-items:center; margin-top:30px;'><img src='[도브 시어버터 제품과 시어버터, 바닐라 원료 이미지]' style='width:40%;'><div style='padding-left:15px;'><h4 style='font-size:16px; font-weight:bold; color:#000;'>시어버터와 바닐라</h4><p style='font-size:14px; color:#555; margin-top:5px;'>따뜻하고 포근한 향</p></div></div><div style='display:flex; align-items:center; margin-top:30px;'><img src='[도브 릴랙싱 제품과 벚꽃, 플럼 원료 이미지]' style='width:40%;'><div style='padding-left:15px;'><h4 style='font-size:16px; font-weight:bold; color:#000;'>체리&플럼</h4><p style='font-size:14px; color:#555; margin-top:5px;'>달콤하고 싱그러운 향</p></div></div></div>","제품의 향을 시각적으로 표현하는 감성적인 스타일입니다. 제품 이미지와 함께 향의 원료 이미지를 배치하여 향을 연상시키기 쉽게 만듭니다. 텍스트와 이미지를 조화롭게 배치하여 매력적인 느낌을 전달합니다."
"24","KeyFeatures","생활용품","<div style='background:url([흰색 배경에 파란색 물결이 흐르는 듯한 그래픽]) no-repeat center center; background-size:cover; padding:50px 20px; text-align:center;'><h3 style='font-size:20px; color:#005494; font-weight:bold;'>TEXTURE</h3><img src='[손등 위에 부드럽게 펴발린 흰색 크림 제형의 바디워시 텍스처 클로즈업 이미지]' style='width:60%; margin-top:20px; border-radius:50%;'><p style='font-size:14px; color:#333; margin-top:15px;'>부드럽고 크리미한 제형</p></div>","제품의 텍스처를 강조하는 미니멀한 스타일입니다. 원형 프레임 안에 텍스처 이미지를 넣어 집중도를 높이고, '크리미함'과 '부드러움'이라는 제품 속성을 시각적으로 부각시킵니다. 배경의 그래픽이 청량감을 더합니다."
"25","Specifications","생활용품","<div style='background-color:#fff;'><div style='background-color:#003366; color:#fff; padding:15px; text-align:center; font-size:18px; font-weight:bold;'>PRODUCT LINE UP</div><div style='padding:20px;'><div style='display:flex; align-items:center; border-bottom:1px solid #eee; padding-bottom:15px; margin-bottom:15px;'><img src='[도브 딥플리 너리싱 바디워시 제품 이미지]' style='width:100px;'><div style='padding-left:15px;'><h4 style='font-size:15px; font-weight:bold; color:#000;'>딥플리 너리싱</h4><p style='font-size:13px; color:#555; margin-top:5px;'>#10겹보습 #프리바이오틱스<br>모든 피부용</p></div></div><div style='display:flex; align-items:center; border-bottom:1px solid #eee; padding-bottom:15px; margin-bottom:15px;'><img src='[도브 시어버터 앤 바닐라 바디워시 제품 이미지]' style='width:100px;'><div style='padding-left:15px;'><h4 style='font-size:15px; font-weight:bold; color:#000;'>시어버터 앤 바닐라</h4><p style='font-size:13px; color:#555; margin-top:5px;'>#고보습 #달콤한향<br>건성 피부용</p></div></div><div style='display:flex; align-items:center; border-bottom:1px solid #eee; padding-bottom:15px; margin-bottom:15px;'><img src='[도브 센서티브 스킨 바디워시 제품 이미지]' style='width:100px;'><div style='padding-left:15px;'><h4 style='font-size:15px; font-weight:bold; color:#000;'>센서티브 스킨</h4><p style='font-size:13px; color:#555; margin-top:5px;'>#저자극 #무향료<br>민감성 피부용</p></div></div></div></div>","제품 라인업을 일목요연하게 보여주는 카탈로그 스타일입니다. 진한 남색 헤더로 섹션을 명확히 구분하고, 각 제품을 이미지와 텍스트로 구성하여 리스트 형태로 제공합니다. 구분선을 사용하여 가독성을 높인 깔끔하고 정리된 디자인입니다."
"26","BrandStory","생활용품","<div style='background-color:#f8f8f8; padding:20px; text-align:left; font-size:10px; color:#666;'><p>상품정보고시 관련 정보...</p><p>제조업자: 유니레버코리아...</p><p>...</p><div style='margin-top:20px; display:flex; justify-content:space-between; align-items:center;'><img src='[Dove 로고]' style='height:20px;'><img src='[Unilever 로고]' style='height:20px;'></div></div>","제품의 상세 정보 및 브랜드 정보를 제공하는 푸터 스타일입니다. 작은 글씨 크기와 회색 톤의 텍스트로 구성되어 있으며, 법적 고지사항이나 필수 정보를 담고 있습니다. 하단에 브랜드 로고를 배치하여 신뢰성을 더합니다."
"27","Introduction","생활용품","<div style='background-color:#f8f8f8; text-align:center; padding:40px 20px;'><h2 style='font-size:14px; color:#e67e22; letter-spacing:2px;'>PERFECT CLEANSING</h2><h1 style='font-size:28px; font-weight:bold; color:#000; margin-top:5px;'>PERFECT CLEANSING OIL</h1><img src='[주황색 액체가 담긴 투명한 용기의 클렌징 오일 제품 두 개가 나란히 있는 이미지]' style='width:70%; margin-top:20px;'></div>","깨끗하고 미니멀한 스타일로 제품을 소개합니다. 밝은 회색 배경과 간결한 타이포그래피를 사용하여 현대적인 느낌을 주며, 제품 이미지를 중앙에 배치하여 시선을 집중시킵니다."
"28","Introduction","생활용품","<div style='background-color:#fff; text-align:center; padding:40px 20px; position:relative;'><img src='[여러 화장품과 함께 놓인 클렌징 오일 제품 클로즈업 샷, 야자수 잎 그림자 효과]' style='width:90%;'><div style='position:absolute; bottom:30px; right:30px; display:flex; gap:5px;'><span style='width:60px; height:60px; border-radius:50%; background-color:#fdebd0; display:flex; align-items:center; justify-content:center; font-size:10px; color:#e67e22;'>오일<br>제형</span><span style='width:60px; height:60px; border-radius:50%; background-color:#fdebd0; display:flex; align-items:center; justify-content:center; font-size:10px; color:#e67e22;'>모든<br>피부용</span></div></div>","제품의 사용 환경을 연상시키는 감성적인 라이프스타일 컷을 활용한 스타일입니다. 부드러운 조명과 그림자 효과를 사용하여 고급스럽고 세련된 분위기를 연출하며, 원형 아이콘으로 제품의 특징을 간결하게 전달합니다."
"29","KeyFeatures","생활용품","<div style='background-color:#fcf3e8; padding:30px 20px; display:flex; justify-content:space-around; align-items:center; text-align:center;'><div style='width:22%;'><div style='width:50px; height:50px; border:1px solid #e67e22; border-radius:50%; margin:0 auto; display:flex; align-items:center; justify-content:center;'><img src='[코 모양 아이콘]' style='width:60%;'></div><p style='font-size:12px; color:#333; margin-top:10px;'>피지&블랙헤드<br>94% 개선</p></div><div style='width:22%;'><div style='width:50px; height:50px; border:1px solid #e67e22; border-radius:50%; margin:0 auto; display:flex; align-items:center; justify-content:center;'><img src='[립스틱 모양 아이콘]' style='width:60%;'></div><p style='font-size:12px; color:#333; margin-top:10px;'>메이크업<br>98% 세정</p></div><div style='width:22%;'><div style='width:50px; height:50px; border:1px solid #e67e22; border-radius:50%; margin:0 auto; display:flex; align-items:center; justify-content:center;'><img src='[구름 모양 아이콘]' style='width:60%;'></div><p style='font-size:12px; color:#333; margin-top:10px;'>미세먼지<br>99% 세정</p></div><div style='width:22%;'><div style='width:50px; height:50px; border:1px solid #e67e22; border-radius:50%; margin:0 auto; display:flex; align-items:center; justify-content:center;'><img src='[방패 모양 아이콘]' style='width:60%;'></div><p style='font-size:12px; color:#333; margin-top:10px;'>피부자극<br>테스트 완료</p></div></div>","제품의 핵심 효능을 아이콘을 통해 직관적으로 보여주는 정보 중심적 스타일입니다. 따뜻한 오렌지 계열 배경색과 원형 아이콘을 사용하여 중요한 정보를 빠르고 쉽게 파악할 수 있도록 디자인되었습니다."
"30","KeyFeatures","생활용품","<div style='background-color:#fff; padding:40px 20px;'><p style='font-size:14px; color:#e67e22;'>POINT 01</p><h3 style='font-size:20px; font-weight:bold; color:#000; margin-top:5px;'>강력해진 세정력</h3><p style='font-size:14px; color:#555; margin-top:10px;'>물과 만나 유화되어<br>모공 속 노폐물까지 말끔하게</p><img src='[물과 기름이 섞이는 유화 과정을 보여주는 클로즈업 이미지]' style='width:100%; margin-top:20px; border-radius:10px;'></div>","과학적 원리를 시각적으로 증명하는 스타일입니다. 제품의 유화 과정을 보여주는 고품질의 매크로 이미지를 사용하여 세정력에 대한 신뢰감을 높입니다. 간결한 텍스트로 이미지의 내용을 보충 설명합니다."
"31","KeyFeatures","생활용품","<div style='background-color:#fdf6f3; padding:40px 20px; text-align:center;'><p style='font-size:14px; color:#e67e22;'>POINT 02</p><h3 style='font-size:20px; font-weight:bold; color:#000; margin-top:5px;'>자연유래 성분 94%</h3><p style='font-size:14px; color:#555; margin-top:10px;'>피부에 순한 자연유래 성분으로<br>편안하게 클렌징하세요</p></div>","자연주의 컨셉을 강조하는 미니멀한 스타일입니다. 부드러운 파스텔 톤 배경과 간결한 텍스트만으로 구성하여 '순함'과 '자연'이라는 메시지에 집중하게 만듭니다. 여백을 많이 활용하여 편안하고 깨끗한 느낌을 줍니다."
"32","KeyFeatures","생활용품","<div style='background-color:#fff; padding:40px 20px;'><div style='display:flex; gap:10px;'><div style='width:50%;'><img src='[옥수수와 옥수수 배아 오일 이미지]' style='width:100%; border-radius:10px;'><p style='font-size:12px; color:#555; margin-top:5px; text-align:center;'>옥수수 배아 오일</p></div><div style='width:50%;'><img src='[살구와 살구씨 오일 이미지]' style='width:100%; border-radius:10px;'><p style='font-size:12px; color:#555; margin-top:5px; text-align:center;'>살구씨 오일</p></div></div></div>","제품의 핵심 원료를 시각적으로 보여주는 스타일입니다. 원재료와 그로부터 추출된 오일 이미지를 나란히 배치하여 자연 성분에 대한 신뢰도를 높이고, 소비자의 이해를 돕습니다."
"33","KeyFeatures","생활용품","<div style='background-color:#fff; padding:40px 20px;'><p style='font-size:14px; color:#e67e22;'>POINT 03</p><h3 style='font-size:20px; font-weight:bold; color:#000; margin-top:5px;'>가볍고 산뜻한 오일 제형</h3><img src='[투명한 병에서 따라지는 오일의 제형을 보여주는 이미지]' style='width:100%; margin-top:20px; border-radius:10px;'><p style='font-size:14px; color:#555; margin-top:10px;'>매일 사용해도 부담 없는<br>산뜻한 사용감</p></div>","제품의 텍스처를 감각적으로 표현하는 스타일입니다. 오일이 흘러내리는 순간을 포착한 이미지를 통해 '가벼움'과 '산뜻함'이라는 제품의 특징을 시각적으로 강조합니다. 따뜻한 색감의 이미지가 편안한 느낌을 줍니다."
"34","KeyFeatures","생활용품","<div style='background-color:#fff; padding:40px 20px;'><p style='font-size:14px; color:#e67e22;'>POINT 04</p><h3 style='font-size:20px; font-weight:bold; color:#000; margin-top:5px;'>7가지 씨앗에서 찾은<br>건강한 에너지</h3><p style='font-size:14px; color:#555; margin-top:10px;'>자연의 에너지를 담은 씨드 오일 콤플렉스</p><img src='[코코넛, 목화씨, 녹차씨 등 7가지 씨앗 원료 이미지 콜라주]' style='width:100%; margin-top:20px;'></div>","다양한 자연 유래 성분을 한번에 보여주는 스타일입니다. 여러 씨앗 원료 이미지를 콜라주 형태로 배열하여 제품에 풍부한 영양이 담겨 있음을 시각적으로 전달합니다."
"35","UsageGuide","생활용품","<div style='background-color:#f8f8f8; padding:40px 20px;'><h3 style='font-size:20px; font-weight:bold; color:#000; margin-bottom:20px; text-align:center;'>HOW TO USE</h3><ol style='padding-left:20px; font-size:14px; color:#333;'><li style='margin-bottom:10px;'>물기 없는 손에 오일을 2~3회 펌핑합니다.</li><li style='margin-bottom:10px;'>얼굴 전체에 부드럽게 마사지하며 메이크업을 녹여냅니다.</li><li style='margin-bottom:10px;'>소량의 물을 묻혀 30초간 마사지(유화 과정)한 후 미온수로 깨끗이 헹궈냅니다.</li></ol></div>","사용 방법을 명확하고 간결하게 전달하는 설명서 스타일입니다. 그래픽 요소 없이 텍스트만으로 구성하고, 순서가 있는 목록(ol) 태그를 사용하여 단계별 가이드를 쉽게 따라 할 수 있도록 했습니다. 배경색을 달리하여 다른 섹션과 구분합니다."
"36","Specifications","생활용품","<div style='background-color:#fff; padding:20px; font-size:11px; color:#666; line-height:1.6;'><h4 style='font-size:13px; color:#000; font-weight:bold; border-bottom:1px solid #ccc; padding-bottom:5px; margin-bottom:10px;'>상품 정보 제공 고시</h4><p><b>제품명:</b> 퍼펙트 클렌징 오일</p><p><b>용량:</b> 300ml</p><p><b>제품 주요 사양:</b> 모든 피부용</p><p><b>사용기한:</b> 제조일로부터 36개월, 개봉 후 12개월</p><p><b>화장품책임판매업자:</b> 해피바스 주식회사</p><p><b>제조국:</b> 대한민국</p><p><b>전성분:</b> 옥수수배아오일, 살구씨오일, ...</p></div>","제품의 필수 정보를 제공하는 정형화된 스타일입니다. 작은 글씨와 촘촘한 줄 간격으로 많은 정보를 담고 있으며, '상품 정보 제공 고시'라는 제목을 통해 정보의 성격을 명확히 합니다. 법적 또는 필수 고지 사항을 전달하는 데 중점을 둡니다."
"37","Comparison","생활용품","<div style='background-color:#fff; padding:40px 20px; text-align:center;'><h2 style='font-size:24px; font-weight:bold; color:#005aab;'><span style='font-style:italic; border:2px solid #005aab; border-radius:50%; padding: 2px 8px; margin-right:5px;'>!</span>깨끗한나라 순수 시그니처 혼용 출고 안내</h2><p style='font-size:16px; color:#333; margin-top:10px; margin-bottom:30px;'>순수 시그니처가 리뉴얼되어<br>변경 전·후 제품이 랜덤 배송될 수 있습니다.</p><div style='display:flex; justify-content:center; align-items:center; gap:20px;'><div style='border:1px solid #ccc; border-radius:15px; padding:20px; width:45%;'><div style='background-color:#f0f0f0; border-radius:20px; padding:5px 15px; display:inline-block; margin-bottom:15px; font-weight:bold;'>리뉴얼 전</div><img src='[리뉴얼 전 깨끗한나라 순수 시그니처 화장지 포장 이미지]' style='width:100%;'></div><span style='font-size:40px; color:#005aab; font-weight:bold;'>></span><div style='border:2px solid #005aab; border-radius:15px; padding:20px; width:45%; position:relative;'><div style='background-color:#005aab; color:#fff; border-radius:20px; padding:5px 15px; display:inline-block; margin-bottom:15px; font-weight:bold;'>리뉴얼 후</div><img src='[리뉴얼 후 깨끗한나라 순수 시그니처 화장지 포장 이미지]' style='width:100%;'></div></div></div>","제품 리뉴얼 정보를 명확하게 비교하여 안내하는 스타일입니다. '리뉴얼 전'과 '리뉴얼 후'를 명확한 레이블과 박스로 구분하고, 화살표를 사용해 변화의 흐름을 직관적으로 보여줍니다. 리뉴얼 후 제품에 파란색 테두리로 강조하여 시각적 차이를 둡니다."
"38","Comparison","생활용품","<div style='text-align:center; padding:20px; background-color:#fff;'><h1 style='font-size:24px; font-weight:bold; color:#000; margin-bottom:10px;'>리뉴얼 안내</h1><p style='font-size:14px; color:#333; margin-bottom:30px;'>리뉴얼 진행중인 상품으로 패키지, 제품명, 원료명 표기, 주의사항 문구가 상이한 동일상품을 수령하실 수 있습니다.</p><div style='margin-bottom:20px;'><div style='background-color:#808080; color:#fff; padding:10px; font-weight:bold;'>리뉴얼 전</div><img src='[리뉴얼 전 제품 후면 표시사항 이미지]' style='width:100%; border:1px solid #ccc;'></div><div><div style='background-color:#808080; color:#fff; padding:10px; font-weight:bold;'>리뉴얼 후</div><img src='[리뉴얼 후 제품 후면 표시사항 이미지]' style='width:100%; border:1px solid #ccc;'></div></div>","제품의 법적 표시사항과 같은 상세 정보의 변경 내용을 비교하는 스타일입니다. 회색 배경의 제목 바로 구분된 '리뉴얼 전'과 '리뉴얼 후' 섹션 아래에 각각의 라벨 전체 이미지를 배치하여 소비자가 직접 모든 변경점을 확인할 수 있도록 정보를 투명하게 제공합니다."
"39","Introduction","생활용품","<div style='background:linear-gradient(to bottom, #aae0ff, #eaf6ff); text-align:center; padding:50px 20px; position:relative;'><img src='[배경에 떠다니는 부드러운 흰색 원형 오브제들]' style='position:absolute; top:0; left:0; width:100%; height:100%; opacity:0.7;'><div style='position:relative;'><p style='font-size:14px; color:#005aab;'>쓸수록 기분 좋은 깨끗함</p><h2 style='font-size:28px; font-weight:bold; color:#005aab; margin-top:5px;'>순수 시그니처</h2><img src='[깨끗한나라 순수 시그니처 화장지 메인 패키지 이미지]' style='width:60%; margin-top:20px;'><div style='position:absolute; top:10px; right:10px; width:60px; height:60px; background-color:rgba(255,255,255,0.8); border:1px solid #005aab; border-radius:50%; display:flex; flex-direction:column; align-items:center; justify-content:center; font-size:10px; font-weight:bold; color:#005aab;'><span>100%</span><span>천연펄프</span></div></div></div>","깨끗함과 부드러움을 강조하는 스타일입니다. 하늘색 그라데이션 배경과 떠다니는 흰색 오브제를 사용하여 맑고 청량한 느낌을 연출합니다. 중앙에 제품 이미지를 배치하고, 100% 천연펄프 인증 마크를 추가하여 신뢰감을 더합니다."
"40","KeyFeatures","생활용품","<div style='background-color:#eaf6ff; padding:20px;'><div style='background-color:#fff; border-radius:15px; padding:20px; display:flex; justify-content:space-around; text-align:center;'><div style='width:30%;'><img src='[깃털 모양의 라인 아이콘]' style='height:40px;'><p style='font-size:14px; color:#333; margin-top:10px;'>부드러운 감촉</p></div><div style='width:30%;'><img src='[물방울 모양의 라인 아이콘]' style='height:40px;'><p style='font-size:14px; color:#333; margin-top:10px;'>깨끗한 사용감</p></div><div style='width:30%;'><img src='[세 겹의 종이를 형상화한 라인 아이콘]' style='height:40px;'><p style='font-size:14px; color:#333; margin-top:10px;'>도톰한 3겹</p></div></div></div>","제품의 세 가지 핵심 특징을 간결하게 전달하는 정보 중심 스타일입니다. 흰색의 둥근 사각형 카드 위에 심플한 라인 아이콘과 짧은 텍스트를 사용하여 가독성을 높이고, 사용자가 제품의 장점을 쉽게 인지할 수 있도록 디자인되었습니다."
"41","BrandStory","생활용품","<div style='background-color:#003d7b; color:#fff; text-align:center; padding:40px 20px;'><p style='font-size:16px;'>30년 순수, 그 이상</p><h2 style='font-family:serif; font-style:italic; font-size:28px; margin-top:5px;'>SOONSOO<br>Signature</h2><div style='border-top:1px solid #fff; border-bottom:1px solid #fff; padding:15px 0; margin-top:20px;'><p style='font-size:14px;'>누적판매 <span style='font-size:24px; font-weight:bold;'>1,800만팩</span> 돌파</p><p style='font-size:12px;'>대한민국이 사랑하는 화장지 No.1</p></div><img src='[깨끗한나라 순수 시리즈 로고]' style='height:30px; margin-top:20px;'></div>","브랜드의 역사와 성과를 강조하여 신뢰감을 구축하는 스타일입니다. 깊은 남색 배경에 흰색 텍스트를 사용하여 고급스럽고 진중한 느낌을 줍니다. 누적 판매량 같은 구체적인 수치를 크게 표시하여 브랜드의 성공을 효과적으로 전달합니다."
"42","KeyFeatures","생활용품","<div style='background:linear-gradient(to bottom, #d6efff, #f0f8ff); padding:50px 20px; text-align:center; position:relative;'><img src='[하늘 배경에 떠다니는 여러 개의 화장지 롤과 흰색 구체들]' style='width:100%;'><div style='background-color:#005aab; color:#fff; padding:20px; margin-top:-50px; position:relative; border-radius:10px; width:80%; margin-left:auto; margin-right:auto;'><p style='font-size:16px; font-weight:bold;'>도톰해서 믿을 수 있는<br>깨끗한 마무리감</p></div></div>","제품의 물리적 특성인 '도톰함'을 시각적으로 강조하는 스타일입니다. 여러 개의 화장지 롤이 떠다니는 이미지를 통해 풍성하고 부드러운 느낌을 전달하고, 하단의 파란색 정보 블록으로 제품의 핵심 장점을 다시 한번 각인시킵니다."
"43","BrandStory","생활용품","<div style='background-color:#e0f2ff; text-align:center; padding:40px 20px;'><p style='font-size:14px; color:#333;'>소중한 우리 가족을 위해</p><h3 style='font-size:18px; font-weight:bold; color:#000; margin-top:5px;'>100% 천연펄프로 만든<br>깨끗한나라 순수 시그니처</h3><img src='[햇살이 비치는 울창한 숲 이미지]' style='width:100%; border-radius:15px; margin-top:20px;'><p style='font-size:12px; color:#555; margin-top:20px;'>깨끗한나라는 나무를 심고 가꾸며<br>자연과 함께하는 미래를 만들어갑니다.</p></div>","자연 친화적인 브랜드 이미지를 구축하는 스타일입니다. 울창한 숲 이미지를 사용하여 제품의 주원료인 천연펄프의 깨끗하고 건강한 근원을 보여줍니다. '가족'과 '자연'이라는 키워드를 통해 감성적으로 접근합니다."
"44","KeyFeatures","생활용품","<div style='background-color:#e0f2ff; text-align:center; padding-bottom:40px;'><img src='[독일 더마테스트 엑설런트 등급 인증 마크]' style='width:80%;'><p style='font-size:14px; color:#333; margin-top:10px;'>까다로운 독일 피부과학연구소<br>피부자극 테스트 완료</p></div>","제품의 안전성을 인증 마크를 통해 증명하는 신뢰 중심의 스타일입니다. 공신력 있는 기관의 인증 마크를 크게 보여줌으로써 소비자가 안심하고 제품을 사용할 수 있도록 합니다. 별도의 디자인 요소 없이 인증 마크 자체에 집중하게 만듭니다."
"45","Specifications","생활용품","<div style='background-color:#fff; padding:20px;'><h3 style='font-size:16px; font-weight:bold; border-bottom:2px solid #333; padding-bottom:10px;'>품질표시</h3><table style='width:100%; text-align:left; font-size:12px; border-collapse:collapse; margin-top:10px;'><tbody><tr style='border-bottom:1px solid #eee;'><th style='padding:10px; background-color:#f8f8f8; width:30%;'>제품명</th><td style='padding:10px;'>깨끗한나라 순수 시그니처 3겹</td></tr><tr style='border-bottom:1px solid #eee;'><th style='padding:10px; background-color:#f8f8f8;'>치수</th><td style='padding:10px;'>너비 98mm, 3겹, 길이 27m</td></tr><tr style='border-bottom:1px solid #eee;'><th style='padding:10px; background-color:#f8f8f8;'>구성</th><td style='padding:10px;'>30롤</td></tr><tr style='border-bottom:1px solid #eee;'><th style='padding:10px; background-color:#f8f8f8;'>원료명</th><td style='padding:10px;'>천연펄프 100%</td></tr><tr style='border-bottom:1px solid #eee;'><th style='padding:10px; background-color:#f8f8f8;'>제조국</th><td style='padding:10px;'>대한민국</td></tr></tbody></table></div>","제품의 상세 정보를 명확하게 전달하기 위한 표 형식의 스타일입니다. 테이블을 사용하여 제품명, 치수, 원료명 등의 사양을 일목요연하게 정리했습니다. 배경색으로 행을 구분하여 가독성을 높인 기능적인 디자인입니다."
"46","Introduction","생활용품","<div style='background-color:#e0f2ff; text-align:center; padding:50px 20px;'><h2 style='font-size:28px; font-weight:bold; color:#005aab;'>부드럽고 산뜻하게</h2><p style='font-size:18px; color:#333; margin-top:10px;'>새로워진 하기스® 크린베베®를 만나보세요!</p><div style='position:relative; margin-top:30px;'><img src='[하기스 크린베베 일자형 기저귀 제품 이미지]' style='width:80%;'><div style='position:absolute; top:15%; left:5%; background-color:rgba(0,90,171,0.8); color:white; padding:5px 10px; border-radius:15px; font-size:12px;'>3중 흡수 구조로<br>뛰어난 흡수력</div><div style='position:absolute; top:40%; right:5%; background-color:rgba(0,90,171,0.8); color:white; padding:5px 10px; border-radius:15px; font-size:12px;'>부드러운<br>엠보싱 안 커버</div><div style='position:absolute; bottom:15%; right:15%; background-color:rgba(0,90,171,0.8); color:white; padding:5px 10px; border-radius:15px; font-size:12px;'>얇고 편안한<br>슬림패드</div></div></div>","부드럽고 깨끗한 느낌을 주는 소개 스타일입니다. 하늘과 구름을 연상시키는 밝은 파란색 배경을 사용하여 아기 제품의 순수한 이미지를 강조합니다. 제품 이미지 위에 주요 특징을 설명하는 말풍선을 배치하여 정보를 효과적으로 전달합니다."
"47","KeyFeatures","생활용품","<div style='background-color:#e0f2ff; padding: 20px;'><div style='background-color: #ffffff; border-radius: 20px; padding: 40px; text-align: center;'><p style='font-size:14px; color:#555;'>CHECK POINT</p><div style='width:50px; height:50px; background-color:#005aab; color:#fff; border-radius:50%; display:flex; align-items:center; justify-content:center; margin:10px auto; font-size:24px; font-weight:bold;'>1</div><h3 style='font-size:24px; color:#005aab; font-weight:bold;'>빠르게 흡수하는<br>안심 흡수력</h3><img src='[물방울이 3겹 흡수층으로 흡수되는 과정을 보여주는 그래픽]' style='width:70%; margin-top:20px;'><p style='font-size:14px; color:#333; margin-top:20px;'>3중 흡수 구조로 흡수력이 우수해<br>소변이 닿아도 보송보송해요.<br>많은 양에도 안심할 수 있어요.</p></div></div>","제품의 핵심 기능을 명확하게 설명하는 정보 중심적 스타일입니다. 파란색 원형 번호로 체크포인트를 강조하고, 기능을 시각적으로 설명하는 그래픽을 사용하여 소비자의 이해를 돕습니다. 흰색 배경의 깔끔한 카드 디자인으로 가독성을 높였습니다."
"48","KeyFeatures","생활용품","<div style='background-color:#e0f2ff; padding: 20px;'><div style='background-color: #ffffff; border-radius: 20px; padding: 40px; text-align: center;'><p style='font-size:14px; color:#555;'>CHECK POINT</p><div style='width:50px; height:50px; background-color:#005aab; color:#fff; border-radius:50%; display:flex; align-items:center; justify-content:center; margin:10px auto; font-size:24px; font-weight:bold;'>2</div><h3 style='font-size:24px; color:#005aab; font-weight:bold;'>피부에 자극 없는<br>부드러운 순면감촉</h3><div style='position:relative; margin-top:20px;'><img src='[기저귀 안쪽 커버 이미지]' style='width:100%; border-radius:10px;'><div style='position:absolute; top:10px; left:10px; border:2px solid #fff; border-radius:50%; width:100px; height:100px; overflow:hidden;'><img src='[기저귀 엠보싱 안커버 확대 이미지]' style='width:150%;'></div></div><p style='font-size:14px; color:#333; margin-top:20px;'>놀랍도록 부드러운 엠보싱 안 커버가<br>아기 피부를 편안하게 해요.</p></div></div>","제품의 부드러운 촉감을 시각적으로 강조하는 스타일입니다. 원형 돋보기 효과를 사용하여 기저귀 표면의 엠보싱을 확대하여 보여줌으로써, 소비자가 제품의 부드러움을 직접 느낄 수 있도록 유도합니다."
"49","KeyFeatures","생활용품","<div style='background-color:#e0f2ff; padding: 20px;'><div style='background-color: #ffffff; border-radius: 20px; padding: 40px; text-align: center;'><p style='font-size:14px; color:#555;'>CHECK POINT</p><div style='width:50px; height:50px; background-color:#005aab; color:#fff; border-radius:50%; display:flex; align-items:center; justify-content:center; margin:10px auto; font-size:24px; font-weight:bold;'>3</div><h3 style='font-size:24px; color:#005aab; font-weight:bold;'>자유로운 움직임에도 편안한<br>샘방지 다리밴드</h3><img src='[기저귀 다리밴드 부분의 구조를 보여주는 그래픽]' style='width:50%; margin-top:20px;'><p style='font-size:14px; color:#333; margin-top:20px;'>허벅지 부분에 다리밴드가 있어<br>옆으로 새는 것을 막아줘요.</p></div></div>","제품의 특정 기능 부위를 그래픽으로 상세히 보여주는 스타일입니다. 원형 프레임 안에 다리 밴드의 구조를 확대하여 표현하고, 그래픽 요소를 통해 샘 방지 기능을 직관적으로 설명합니다."
"50","KeyFeatures","생활용품","<div style='background-color:#e0f2ff; padding: 20px;'><div style='background-color: #ffffff; border-radius: 20px; padding: 40px; text-align: center;'><p style='font-size:14px; color:#555;'>CHECK POINT</p><div style='width:50px; height:50px; background-color:#005aab; color:#fff; border-radius:50%; display:flex; align-items:center; justify-content:center; margin:10px auto; font-size:24px; font-weight:bold;'>4</div><h3 style='font-size:24px; color:#005aab; font-weight:bold;'>한 눈에 확인할 수 있는<br>소변알림마크</h3><img src='[소변을 보면 곰돌이 무늬가 사라지는 소변알림마크 그래픽]' style='width:50%; margin-top:20px;'><p style='font-size:14px; color:#333; margin-top:20px;'>소변을 보면 곰돌이 무늬가 사라져<br>기저귀 교체시기를 알 수 있어요.</p></div></div>","사용자 편의 기능을 명확하게 전달하는 스타일입니다. 소변알림마크의 '사용 전'과 '사용 후' 상태를 아이콘과 그래픽으로 심플하게 표현하여, 기능의 작동 원리를 누구나 쉽게 이해할 수 있도록 했습니다."
"51","KeyFeatures","생활용품","<div style='background-color:#e0f2ff; padding: 20px;'><div style='background-color: #ffffff; border-radius: 20px; padding: 40px; text-align: center;'><p style='font-size:14px; color:#555;'>CHECK POINT</p><div style='width:50px; height:50px; background-color:#005aab; color:#fff; border-radius:50%; display:flex; align-items:center; justify-content:center; margin:10px auto; font-size:24px; font-weight:bold;'>5</div><h3 style='font-size:24px; color:#005aab; font-weight:bold;'><span style='background-color:#fff2a7; color:#ea8700; padding:2px 8px; border-radius:10px; font-size:16px;'>New</span> 착용감 좋은<br>얇고 편안한 슬림패드</h3><img src='[얇아진 슬림패드를 보여주는 기저귀 이미지]' style='width:80%; margin-top:20px;'><p style='font-size:14px; color:#333; margin-top:20px;'>얇아진 슬림패드로 쾌적하고 편안해요.</p><p style='font-size:12px; color:#888; margin-top:5px;'>*기존 하기스® 크린베베® 제품 대비</p></div></div>","제품의 개선점을 강조하는 스타일입니다. 'New' 태그를 사용하여 새로워진 점을 부각시키고, 제품 이미지를 통해 얇고 편안해진 착용감을 시각적으로 전달합니다. 이전 제품과의 비교 문구를 넣어 개선점을 명확히 합니다."
"52","BrandStory","생활용품","<div style='background-color:#e0f2ff; padding: 20px;'><div style='background-color: #ffffff; border-radius: 20px; padding: 40px; text-align: center;'><p style='font-size:14px; color:#555;'>CHECK POINT</p><div style='width:50px; height:50px; background-color:#005aab; color:#fff; border-radius:50%; display:flex; align-items:center; justify-content:center; margin:10px auto; font-size:24px; font-weight:bold;'>6</div><h3 style='font-size:24px; color:#005aab; font-weight:bold;'>지구 환경도 함께 생각해요!<br>플라스틱 사용 절감</h3></div></div>","기업의 사회적 책임을 강조하는 스토리텔링 스타일입니다. 간결하고 명확한 메시지를 통해 플라스틱 사용 절감이라는 친환경 노력을 전달하여, 브랜드에 대한 긍정적이고 의식 있는 이미지를 구축합니다."
"53","BrandStory","생활용품","<div style='background-color:#f0f8ff; padding:40px 20px;'><h3 style='font-size:20px; font-weight:bold; color:#000; text-align:center;'>FSC®(C139864)* 인증 획득</h3><div style='display:flex; align-items:center; margin-top:20px; background-color:#fff; padding:20px; border-radius:15px;'><img src='[FSC 인증 로고]' style='width:80px; margin-right:20px;'><p style='font-size:14px; color:#333;'>계획적인 벌목활동으로 자연환경을 훼손하지 않은 산림 환경에서 길러진 나무를 사용한 제품에만 엄격하게 심사되어 부여됩니다.<br><span style='font-size:12px; color:#888;'>*FSC®인증은 Forest Stewardship Council®(산림관리협의회)의 공식 인증서입니다.</span></p></div></div>","인증 마크를 통해 브랜드의 신뢰도와 친환경성을 강조하는 스타일입니다. FSC 공식 로고를 명확하게 제시하고, 그 의미를 상세히 설명하여 소비자가 제품 선택에 있어 중요한 가치(환경 보호)를 고려할 수 있도록 정보를 제공합니다."
"54","BrandStory","생활용품","<div style='background-color:#f0f8ff; padding:40px 20px; text-align:center;'><h3 style='font-size:20px; font-weight:bold; color:#005aab; text-align:center;'>대한민국 아기를 위해 노력하는 하기스®</h3><div style='background-color:#fff; border-radius:15px; padding:20px; margin-top:20px;'><h4 style='font-size:18px; color:#000;'>Smart Innovation Lab</h4><p style='font-size:14px; color:#555; margin-top:10px;'>생활혁신연구소를 통해 한국 아기에게 꼭 맞는<br>제품을 개발하기 위해 끊임없이 노력합니다.</p><img src='[연구원이 아기를 안고 있는 이미지]' style='width:80px; height:80px; border-radius:50%; margin:15px auto 0;'></div></div>","브랜드의 연구개발 노력과 전문성을 부각시키는 스타일입니다. 'Smart Innovation Lab'이라는 명칭과 연구소의 역할을 설명하여 기술력에 대한 신뢰를 줍니다. 연구원 이미지를 사용하여 전문적이고 따뜻한 이미지를 동시에 전달합니다."
"55","UsageGuide","생활용품","<div style='background-color:#f0f8ff; padding:40px 20px; text-align:center;'><h3 style='font-size:22px; font-weight:bold; color:#005aab;'>우리아기 성장단계에 맞는<br>하기스® 크린베베®를 만나보세요!</h3><table style='width:100%; border-collapse:collapse; margin-top:20px; background-color:#fff; border-radius:15px; overflow:hidden;'><thead><tr style='background-color:#005aab; color:#fff;'><th style='padding:10px;'></th><th style='padding:10px; background-color:#7bb5e3;'>STEP 2</th><th style='padding:10px; background-color:#f799a6;'>STEP 3</th><th style='padding:10px; background-color:#82ca9c;'>STEP 4</th></tr></thead><tbody><tr><td style='font-weight:bold; padding:10px; border:1px solid #eee;'>단계</td><td colspan='3' style='padding:0;'><div style='display:flex;'><div style='width:33.3%; padding:10px; border:1px solid #eee;'><img src='[하기스 2단계 소형 기저귀 패키지 이미지]' style='width:80%;'></div><div style='width:33.3%; padding:10px; border:1px solid #eee;'><img src='[하기스 3단계 중형 기저귀 패키지 이미지]' style='width:80%;'></div><div style='width:33.3%; padding:10px; border:1px solid #eee;'><img src='[하기스 4단계 대형 기저귀 패키지 이미지]' style='width:80%;'></div></div></td></tr><tr><td style='font-weight:bold; padding:10px; border:1px solid #eee;'>규격</td><td style='padding:10px; border:1px solid #eee;'>소형</td><td style='padding:10px; border:1px solid #eee;'>중형</td><td style='padding:10px; border:1px solid #eee;'>대형</td></tr><tr><td style='font-weight:bold; padding:10px; border:1px solid #eee;'>몸무게</td><td style='padding:10px; border:1px solid #eee;'>~ 6kg</td><td style='padding:10px; border:1px solid #eee;'>5 ~ 11kg</td><td style='padding:10px; border:1px solid #eee;'>10 ~ 14kg</td></tr></tbody></table></div>","사용자가 아기의 성장 단계에 맞는 제품을 쉽게 선택할 수 있도록 돕는 실용적인 가이드 스타일입니다. 다채로운 색상으로 단계를 구분한 명확한 표를 사용하여, 사이즈, 규격, 권장 몸무게 정보를 한눈에 파악할 수 있도록 디자인되었습니다."
"56","FAQ","생활용품","<div style='background-color:#fff; padding:20px; border:1px solid #eee;'><div style='text-align:center; margin-bottom:20px;'><img src='[미소라이프 고객센터 로고]' style='height:40px;'><p style='font-size:12px; color:#555; margin-top:5px;'>070-4335-7823으로 문자 문의 부탁드립니다.</p></div><div style='border-top:1px dashed #ccc; border-bottom:1px dashed #ccc; padding:15px 0; margin-bottom:15px;'><h4 style='font-size:14px; font-weight:bold; color:#e74c3c;'>업무/답안안내</h4><p style='font-size:12px;'>고객센터 10:00~17:00 (점심시간 12:00~01:00)</p></div><div style='border-bottom:1px dashed #ccc; padding-bottom:15px; margin-bottom:15px;'><h4 style='font-size:14px; font-weight:bold; color:#3498db;'>배송안내</h4><p style='font-size:12px;'>택배는 결제 완료 후 1~3일 안에 배송됩니다. 당일출고 마감시간은 오후 02:00까지 주문건에 대하여 발송됩니다. CJ대한통운을 이용합니다.</p></div><div style='border-bottom:1px dashed #ccc; padding-bottom:15px; margin-bottom:15px;'><h4 style='font-size:14px; font-weight:bold; color:#2ecc71;'>반품/교환안내</h4><p style='font-size:12px;'>업체에서 주문 확인 이후에는 주소변경 및 취소 절대 불가합니다. 반품/교환은 제품 수령 후 일주일(7일) 이내에 반품/교환 가능합니다.</p></div><div style='border-bottom:1px dashed #ccc; padding-bottom:15px; margin-bottom:15px;'><h4 style='font-size:14px; font-weight:bold; color:#f39c12;'>제주도/도서산간 배송안내</h4><p style='font-size:12px;'>제주도를 포함한 도서산간지역은 별도의 추가 배송비가 발생됩니다. 제주지역 추가배송비 10,000원 / 도서산간지역 추가배송비 20,000원</p></div></div>","고객센터, 배송, 교환/반품 정책 등 구매자가 자주 묻는 질문들을 정리한 정보 제공 스타일입니다. 각 항목을 아이콘과 색상으로 구분하여 가독성을 높이고, 점선 구분선을 사용하여 정보를 명확하게 분리합니다. 판매자의 운영 정책을 안내하는 기능적인 디자인입니다."
"57","Introduction","생활용품","<div style='background:linear-gradient(to bottom, #d3c8ff, #ffffff); text-align:center; padding:50px 20px;'><h1 style='font-size:28px; font-weight:bold; color:#5b2c82;'>퍼실 딥클린 9중효소</h1><div style='position:relative; display:inline-block; margin-top:20px;'><img src='[퍼실 딥클린 라벤더젤 2.7L 제품 이미지]' style='width:250px;'><span style='position:absolute; top:10px; right:10px; background-color:#fff200; color:#d90000; font-weight:bold; padding:5px 10px; border-radius:5px; transform:rotate(10deg);'>NEW</span></div><div style='background-color:#5b2c82; color:#fff; padding:10px 20px; border-radius:20px; display:inline-block; margin-top:20px; font-weight:bold;'>라벤더젤 ㅣ 겸용 2.7L</div></div>","제품의 정체성을 보여주는 화사하고 강렬한 소개 스타일입니다. 브랜드의 시그니처 컬러인 보라색을 그라데이션 배경과 포인트 컬러로 사용하여 통일감을 주었고, 'NEW' 태그로 신제품임을 강조합니다. 제품 이미지를 중앙에 크게 배치하여 시선을 집중시킵니다."
"58","KeyFeatures","생활용품","<div style='background-color:#fff; padding:40px 20px;'><ul style='list-style:none; padding:0; text-align:center; max-width:400px; margin:auto;'><li style='font-size:16px; color:#333; margin-bottom:15px; text-align:left;'><span style='display:inline-block; width:25px; height:25px; background-color:#a566ff; color:#fff; border-radius:50%; font-weight:bold; font-style:italic; line-height:25px; margin-right:10px; text-align:center;'>01</span>세탁조를 더욱 깨끗하고 상쾌하게</li><li style='font-size:16px; color:#333; margin-bottom:15px; text-align:left;'><span style='display:inline-block; width:25px; height:25px; background-color:#a566ff; color:#fff; border-radius:50%; font-weight:bold; font-style:italic; line-height:25px; margin-right:10px; text-align:center;'>02</span>세탁물까지 깨끗하고 상쾌하게</li><li style='font-size:16px; color:#333; margin-bottom:15px; text-align:left;'><span style='display:inline-block; width:25px; height:25px; background-color:#a566ff; color:#fff; border-radius:50%; font-weight:bold; font-style:italic; line-height:25px; margin-right:10px; text-align:center;'>03</span>상쾌하고 풍부한 라벤더 코튼 향</li></ul></div>","제품의 핵심 장점을 간결하게 나열하는 정보 중심적 스타일입니다. 보라색 원형 불릿 포인트를 사용하여 가독성을 높이고 브랜드 컬러와 통일성을 유지합니다. 텍스트를 중앙에 정렬하고 충분한 여백을 두어 깔끔하고 정돈된 느낌을 줍니다."
"59","Specifications","생활용품","<div style='background-color:#fff; padding:40px 20px; text-align:center;'><h2 style='font-size:24px; font-weight:bold; color:#000; border-top:2px solid #000; border-bottom:2px solid #000; display:inline-block; padding:5px 20px; margin-bottom:30px;'>패키지 타입</h2><div style='display:flex; justify-content:space-around; align-items:flex-end;'><div style='width:30%;'><img src='[퍼실 라벤더젤 2.7L 드럼/일반 겸용 용기형 제품 이미지]' style='width:100%;'><p style='font-size:14px; color:#333; margin-top:10px;'>드럼/일반 겸용<br><span style='font-weight:bold; font-size:16px;'>2.7L</span></p></div><div style='width:30%;'><img src='[퍼실 라벤더젤 1.8L 드럼/일반 겸용 리필형 제품 이미지]' style='width:100%;'><p style='font-size:14px; color:#333; margin-top:10px;'>드럼/일반 겸용<br><span style='font-weight:bold; font-size:16px;'>1.8L</span></p></div><div style='width:30%;'><img src='[퍼실 라벤더젤 2L 드럼/일반 겸용 리필형 제품 이미지]' style='width:100%;'><p style='font-size:14px; color:#333; margin-top:10px;'>드럼/일반 겸용<br><span style='font-weight:bold; font-size:16px;'>2L</span></p></div></div></div>","다양한 제품 옵션을 일목요연하게 보여주는 카탈로그 스타일입니다. 각 패키지 타입의 이미지를 나란히 배치하고, 그 아래에 용량 정보를 명확하게 기재하여 소비자가 쉽게 비교하고 선택할 수 있도록 구성했습니다. 깔끔한 제목 디자인으로 섹션을 명확히 구분합니다."
